{"cameraMode":{"drawMode":0,"name":"Shaded","section":"Shading Mode"},"sceneLighting":true,"audioPlay":false,"sceneViewState":{"showFog":true,"showMaterialUpdate":false,"showSkybox":false,"showFlares":true,"showImageEffects":true,"showParticleSystems":true},"in2DMode":false,"pivot":{"x":-0.014885783195495606,"y":0.183555006980896,"z":1.4796768426895142},"rotation":{"x":0.07931243628263474,"y":-0.7051580548286438,"z":0.0798899382352829,"w":0.7000908851623535},"size":1.6667981147766114,"orthographic":false}