{"cameraMode":{"drawMode":0,"name":"Shaded","section":"Shading Mode"},"sceneLighting":true,"audioPlay":false,"sceneViewState":{"showFog":true,"showMaterialUpdate":false,"showSkybox":false,"showFlares":true,"showImageEffects":true,"showParticleSystems":true},"in2DMode":false,"pivot":{"x":0.0,"y":0.13999998569488526,"z":1.0713748931884766},"rotation":{"x":0.0932282879948616,"y":-0.7013664841651917,"z":0.0933452621102333,"w":0.7005176544189453},"size":1.8722577095031739,"orthographic":false}