{"cameraMode":{"drawMode":0,"name":"Shaded","section":"Shading Mode"},"sceneLighting":false,"audioPlay":false,"sceneViewState":{"showFog":true,"showMaterialUpdate":false,"showSkybox":false,"showFlares":true,"showImageEffects":true,"showParticleSystems":true},"in2DMode":false,"pivot":{"x":0.0,"y":0.8549255132675171,"z":-2.980232238769531e-7},"rotation":{"x":0.08275015652179718,"y":-0.6132671236991882,"z":0.06482473760843277,"w":0.7828801274299622},"size":6.171063423156738,"orthographic":false}