{"cameraMode":{"drawMode":0,"name":"Shaded","section":"Shading Mode"},"sceneLighting":true,"audioPlay":false,"sceneViewState":{"showFog":true,"showMaterialUpdate":false,"showSkybox":false,"showFlares":true,"showImageEffects":true,"showParticleSystems":true},"in2DMode":false,"pivot":{"x":-2.384185791015625e-7,"y":0.1399996280670166,"z":1.156874656677246},"rotation":{"x":0.09153527021408081,"y":-0.7278524041175842,"z":0.09909334778785706,"w":0.6723669171333313},"size":8.027159690856934,"orthographic":false}