{"cameraMode":{"drawMode":0,"name":"Shaded","section":"Shading Mode"},"sceneLighting":true,"audioPlay":false,"sceneViewState":{"showFog":true,"showMaterialUpdate":false,"showSkybox":false,"showFlares":true,"showImageEffects":true,"showParticleSystems":true},"in2DMode":false,"pivot":{"x":-0.012754380702972412,"y":0.18219351768493653,"z":1.341300368309021},"rotation":{"x":0.07931243628263474,"y":-0.7051580548286438,"z":0.0798899382352829,"w":0.7000908851623535},"size":0.6581283807754517,"orthographic":false}